﻿<parameters>
  <parameter name="IIS Web Application Name" defaultValue="www.employeedetails.com" tags="IisApp">
    <parameterEntry kind="ProviderPath" scope="IisApp" match="^E:\\Practice\\Visual\ Studio\\EmployeeCRUD\\EmployeeCRUD\\obj\\Release\\Package\\PackageTmp$" />
    <parameterEntry kind="ProviderPath" scope="setAcl" match="^E:\\Practice\\Visual\ Studio\\EmployeeCRUD\\EmployeeCRUD\\obj\\Release\\Package\\PackageTmp$" />
  </parameter>
  <parameter name="Add write permission to App_Data Folder" description="Add write permission to App_Data folder" defaultValue="{IIS Web Application Name}/App_Data" tags="Hidden">
    <parameterEntry kind="ProviderPath" scope="setAcl" match="^E:\\Practice\\Visual\ Studio\\EmployeeCRUD\\EmployeeCRUD\\obj\\Release\\Package\\PackageTmp\\App_Data$" />
  </parameter>
  <parameter name="EmployeeDetailsConnectionString-Web.config Connection String" description="EmployeeDetailsConnectionString Connection String used in web.config by the application to access the database." defaultValue="Data Source=LAPTOP-9SRI3PHR;Initial Catalog=EmployeeDetails;User ID=sa;Password=sa_1234" tags="SqlConnectionString">
    <parameterEntry kind="XmlFile" scope="E:\\Practice\\Visual\ Studio\\EmployeeCRUD\\EmployeeCRUD\\obj\\Release\\Package\\PackageTmp\\Web\.config$" match="/configuration/connectionStrings/add[@name='EmployeeDetailsConnectionString']/@connectionString" />
  </parameter>
</parameters>